Workbook

Sheet Jobs
A1: ID | B1: Job | C1: Day 1 Mon - Jul 20 | D1: Day 2 Tue - July 21 | E1: Day 3 Wed - Jul 22 | F1: Day 4 Thu - July 23 | G1: Day 5 Fri - Jul 24 | H1: Day 6 Sat - Jul 25 | I1: Est Min | J1: c | K1: t | L1: e | M1: Job abbrev | N1: len | O1: abbrev len
A2: 1 | B2: Café - lunch break - light cleanup | I2: 15 | J2: 1 | K2: f | M2: Café - lunch brk- light cln | N2: =LEN(B2) -> 34 | O2: =LEN(M2) -> 27
A3: 2 | B3: Café - end of day - full cleanup | I3: 25 | J3: 1 | K3: f | M3: Café - end of day - clean | N3: =LEN(B3) -> 32 | O3: =LEN(M3) -> 25
A4: 3 | B4: Kitchen - lunch break - light cleanup | I4: 15 | J4: 1 | K4: f | M4: Ktchn - lnch brk - light cln | N4: =LEN(B4) -> 37 | O4: =LEN(M4) -> 28
A5: 4 | B5: Kitchen - end of day - full cleanup | I5: 30 | J5: 1 | K5: f | M5: Ktchn - end of day - clean | N5: =LEN(B5) -> 35 | O5: =LEN(M5) -> 26
A6: 5 | B6: Coffee & snacks - morning setup | I6: 20 | J6: 1 | K6: f | L6: e | M6: Coffee, sncks - morn - setup | N6: =LEN(B6) -> 31 | O6: =LEN(M6) -> 28
A7: 6 | B7: Coffee & snacks - evening brkdwn | I7: 20 | J7: 1 | K7: f | M7: Coffee, sncks - eve - brkdwn | N7: =LEN(B7) -> 32 | O7: =LEN(M7) -> 28
A8: 7 | B8: Dsh twls, mop pds - launder @home | C8: xxxxx | D8: xxxxx | F8: xxxxx | G8: xxxxx | I8: 15 | J8: 1 | K8: f | M8: Twls, mop pds - laundr home | N8: =LEN(B8) -> 33 | O8: =LEN(M8) -> 27
A9: 8 | B9: Trash & recycling - end of day | I9: 15 | J9: 1 | K9: f | M9: Trash, recycle - end of day | N9: =LEN(B9) -> 30 | O9: =LEN(M9) -> 27
A10: 9 | B10: Tara Paradise, store - vacuum | C10: xxxxx | E10: xxxxx | G10: xxxxx | I10: 15 | J10: 1 | K10: v | M10: Tara Paradse, store - vacuum | N10: =LEN(B10) -> 29 | O10: =LEN(M10) -> 28
A11: 10 | B11: JH office, main hallway - vacuum | C11: xxxxx | E11: xxxxx | G11: xxxxx | I11: 15 | J11: 1 | K11: v | M11: JH office, hallway - vacuum | N11: =LEN(B11) -> 32 | O11: =LEN(M11) -> 27
A12: 11 | B12: Coatrm, café hallway - vacuum | I12: 15 | J12: 1 | K12: v | M12: Coatrm, café hall, - vacuum | N12: =LEN(B12) -> 29 | O12: =LEN(M12) -> 27
A13: 12 | B13: Foyer & lobby - vacuum | C13: xxxxx | D13: xxxxx | F13: xxxxx | G13: xxxxx | I13: 20 | J13: 1 | K13: v | M13: Foyer, lobby - vacuum | N13: =LEN(B13) -> 22 | O13: =LEN(M13) -> 21
A14: 13 | B14: Front windows - clean | C14: xxxxx | D14: xxxxx | F14: xxxxx | G14: xxxxx | I14: 15 | J14: 1 | K14: v | M14: Front windows - clean | N14: =LEN(B14) -> 21 | O14: =LEN(M14) -> 21
A15: 14 | B15: Men's room - clean, stock | I15: 15 | J15: 1 | K15: b | M15: Men's room - Clean, stock | N15: =LEN(B15) -> 25 | O15: =LEN(M15) -> 25
A16: 15 | B16: Urinals - check pads, mop (x2) | I16: 15 | J16: 2 | K16: b | M16: Urinals - Check pads, mop | N16: =LEN(B16) -> 31 | O16: =LEN(M16) -> 25
A17: 16 | B17: Women's room - clean, stock | I17: 15 | J17: 1 | K17: b | M17: Women's room - clean, stock | N17: =LEN(B17) -> 27 | O17: =LEN(M17) -> 27
A18: 17 | B18: Unisx, lama bathrms - clean, stock | I18: 15 | J18: 1 | K18: b | M18: Unisx, Lama bathrms - clean | N18: =LEN(B18) -> 34 | O18: =LEN(M18) -> 27

Sheet Poster
A1: Job | B1: Day 1 Mon, Jul 20 | C1: Day 2 Tue, July 21 | D1: Day 3 Wed, Jul 22 | E1: Day 4 Thu, July 23 | F1: Day 5 Fri, Jul 24 | G1: Day 6 Sat, Jul 25 | H1: Job | I1: Est Min
A2: =Jobs!B2 -> Café - lunch break - light cleanup | H2: =A2 -> Café - lunch break - light cleanup | I2: 15
A3: =Jobs!B3 -> Café - end of day - full cleanup | H3: =A3 -> Café - end of day - full cleanup | I3: 20
A4: =Jobs!B4 -> Kitchen - lunch break - light cleanup | H4: =A4 -> Kitchen - lunch break - light cleanup | I4: 15
A5: =Jobs!B5 -> Kitchen - end of day - full cleanup | H5: =A5 -> Kitchen - end of day - full cleanup | I5: 25
A6: =Jobs!B6 -> Coffee & snacks - morning setup | H6: =A6 -> Coffee & snacks - morning setup | I6: 15
A7: =Jobs!B7 -> Coffee & snacks - evening brkdwn | H7: =A7 -> Coffee & snacks - evening brkdwn | I7: 15
A8: =Jobs!B8 -> Dsh twls, mop pds - launder @home | B8: XXXXX | D8: XXXXX | F8: XXXXX | H8: =A8 -> Dsh twls, mop pds - launder @home | I8: 15
A9: =Jobs!B9 -> Trash & recycling - end of day | H9: =A9 -> Trash & recycling - end of day | I9: 20
A10: =Jobs!B10 -> Tara Paradise, store - vacuum | B10: XXXXX | D10: XXXXX | F10: XXXXX | H10: =A10 -> Tara Paradise, store - vacuum | I10: 15
A11: =Jobs!B11 -> JH office, main hallway - vacuum | B11: XXXXX | D11: XXXXX | F11: XXXXX | H11: =A11 -> JH office, main hallway - vacuum | I11: 15
A12: =Jobs!B12 -> Coatrm, café hallway - vacuum | H12: =A12 -> Coatrm, café hallway - vacuum | I12: 10
A13: =Jobs!B13 -> Foyer & lobby - vacuum | B13: XXXXX | C13: XXXXX | E13: XXXXX | F13: XXXXX | H13: =A13 -> Foyer & lobby - vacuum | I13: 20
A14: =Jobs!B14 -> Front windows - clean | B14: XXXXX | C14: XXXXX | E14: XXXXX | F14: XXXXX | H14: =A14 -> Front windows - clean | I14: 10
A15: =Jobs!B15 -> Men's room - clean, stock | H15: =A15 -> Men's room - clean, stock | I15: 10
A16: =Jobs!B16 -> Urinals - check pads, mop (x2) | H16: =A16 -> Urinals - check pads, mop (x2) | I16: 15
A17: =Jobs!B17 -> Women's room - clean, stock | H17: =A17 -> Women's room - clean, stock | I17: 10
A18: =Jobs!B18 -> Unisx, lama bathrms - clean, stock | H18: =A18 -> Unisx, lama bathrms - clean, stock | I18: 10

Sheet Compact
A1: Job | B1: Day 1 Mon, Jul 20 | C1: Day 2 Tue, July 21 | D1: Day 3 Wed, Jul 22 | E1: Day 4 Thu, July 23 | F1: Day 5 Fri, Jul 24 | G1: Day 6 Sat, Jul 25
A2: Café, lunch break, light cleanup
A3: Café, end of day, full cleanup
A4: Kitchen, lunch brk, light cleanup
A5: Kitchen, end of day, full cleanup
A6: Coffee, snacks, morning setup
A7: Coffee & snacks, evening brkdwn
A8: Towels, mop pads, launder at home | B8: XXXXX | C8: XXXXX | E8: xxxxx | F8: XXXXX
A9: Trash & recycling
A10: Tara Paradise, store, vacuum | B10: XXXXX | D10: XXXXX | F10: XXXXX
A11: JH office, main hallway, vacuum | B11: XXXXX | D11: XXXXX | F11: XXXXX
A12: Coatrm, café hallwy, vacuum
A13: Foyer & lobby, vacuum | B13: XXXXX | C13: XXXXX | E13: XXXXX | F13: XXXXX
A14: Front windows, clean | B14: XXXXX | C14: XXXXX | E14: XXXXX | F14: XXXXX
A15: Men's room, clean & stock
A16: Urinals, check pads & mop
A17: Women's room, clean & stock
A18: Unisx, lama bthrms, clean & stock

Sheet Roster
A1: First | B1: Last | C1: email | D1: phone | E1: manage | F1: admin
A2: David | B2: Lewis | C2: djlewis@triadic.com | D2: 978-618-5709 | E2: y | F2: y
A3: Kevin | B3: Woods | C3: kevinalexwoods@gmail.com | D3: 714-955-9394 | E3: y | F3: y
A4: Ann | B4: Esckilsen | C4: arodgersreese63@gmail.com | D4: 612-453-9251 | E4: y | F4: y
